15,265,3,207,33,25,,,,,,,,,,,,,,,,,,,,,,,,,,,,,,
  ,,,Senegal_2022,Senegal_2023,Seavey_2023,,,,,,,,,,,,,,,,,,,,,,,,,,,,,,
Sample,Pop ,MsSh18,,MsSh23,,AAC20,,AAT20,,RBG27,,RBG29,,K16,,AAT27,,LZ2,,RBG18,,Calbo1,,Calbo2,,Calbo5,,Calbo35,,Calbo40,,,,,
00BX,Senegal_2022,215,221,173,179,148,148,197,206,192,192,132,132,121,121,247,247,269,269,176,176,0,0,147,165,130,139,169,172,95,101,,,,
01DB,Senegal_2022,224,224,173,179,142,148,197,197,192,192,132,132,121,121,0,0,283,283,176,178,0,0,159,168,130,139,160,163,95,113,,,,
01T2,Senegal_2022,221,224,173,179,148,148,206,206,192,192,132,132,121,121,247,247,283,283,176,176,118,122,150,165,139,139,166,166,92,104,,,,
05BA,Senegal_2022,215,230,173,179,148,148,197,197,192,192,132,132,121,121,247,247,283,283,171,171,122,122,147,156,130,139,160,169,92,95,,,,
16V4,Senegal_2022,224,224,179,179,148,148,197,206,192,192,132,132,121,127,244,244,269,283,176,178,122,122,140,147,130,139,160,160,92,92,,,,
20F3,Senegal_2022,0,0,173,179,148,148,197,206,192,192,132,132,121,121,244,244,283,283,176,178,122,122,156,168,130,139,169,172,92,101,,,,
27DP,Senegal_2022,221,224,173,173,148,148,197,206,192,192,132,132,121,127,247,247,283,283,176,178,122,122,159,171,139,139,160,166,92,104,,,,
28BE,Senegal_2022,215,224,173,179,148,148,197,206,192,192,132,132,127,127,244,247,269,283,176,176,122,122,156,174,130,139,166,169,95,104,,,,
30BE,Senegal_2022,215,224,173,179,148,148,197,206,192,192,132,132,121,121,247,247,283,283,176,178,122,122,150,156,130,139,160,169,95,101,,,,
31BW,Senegal_2022,215,227,173,181,142,148,197,197,192,192,132,132,127,127,247,247,283,283,171,178,122,122,150,168,130,139,160,160,101,104,,,,
35X2,Senegal_2022,215,224,173,179,148,148,206,206,192,192,132,132,121,127,247,247,269,283,176,178,85,122,147,150,139,139,166,166,95,101,,,,
37BU,Senegal_2022,227,227,173,173,142,148,197,197,192,192,132,132,121,127,244,247,283,283,178,178,122,122,150,159,130,130,160,169,101,104,,,,
40BF,Senegal_2022,0,0,173,179,148,148,197,197,192,192,132,132,121,127,247,247,283,283,176,176,122,122,147,165,130,139,160,169,104,110,,,,
50CY,Senegal_2022,212,215,173,173,148,148,197,206,192,192,132,132,121,121,244,247,283,283,178,178,122,122,147,168,126,130,160,160,92,104,,,,
54BS,Senegal_2022,215,215,179,179,148,148,197,197,192,192,132,132,121,127,244,247,269,283,176,178,0,0,156,168,139,139,163,166,101,101,,,,
55BL,Senegal_2022,215,224,179,179,142,148,197,197,192,192,132,132,127,127,247,247,283,283,176,178,0,0,153,171,130,139,166,169,101,104,,,,
56BH,Senegal_2022,224,227,173,179,148,148,197,206,192,192,132,132,121,121,247,247,283,283,176,178,116,116,147,156,139,139,160,166,95,101,,,,
56DF,Senegal_2022,212,215,173,179,148,148,197,197,192,192,132,132,127,127,247,247,269,283,176,178,118,122,156,174,139,139,166,169,104,104,,,,
57X0,Senegal_2022,212,224,173,179,148,148,197,206,192,192,132,132,127,127,247,247,269,283,171,176,104,122,147,165,126,130,160,163,104,116,,,,
60BF,Senegal_2022,215,224,173,179,148,148,197,197,192,192,132,132,121,127,247,247,269,283,171,178,118,118,137,156,130,139,160,166,95,101,,,,
63T3,Senegal_2022,215,221,179,181,148,148,197,206,192,192,132,132,127,127,244,247,283,283,171,171,118,118,159,159,130,139,166,166,95,104,,,,
65BX,Senegal_2022,215,227,179,179,148,148,206,206,192,192,132,132,121,121,244,244,283,283,176,178,122,122,150,156,130,139,160,163,95,101,,,,
66DD,Senegal_2022,212,215,173,179,148,148,197,206,192,192,132,132,127,127,247,247,283,283,176,178,122,122,147,150,130,139,160,163,92,101,,,,
67F5,Senegal_2022,215,218,179,179,148,148,197,197,192,192,132,132,121,127,247,247,283,283,178,178,118,118,153,177,139,139,160,169,101,104,,,,
69DC,Senegal_2022,224,224,179,179,142,148,197,197,192,192,132,132,121,127,244,244,283,283,171,176,122,122,150,159,130,139,160,166,92,104,,,,
74CY,Senegal_2022,218,224,173,179,148,148,197,206,192,192,132,132,121,121,244,247,283,283,176,178,118,118,156,168,139,139,160,166,95,101,,,,
75DP,Senegal_2022,215,215,173,179,148,148,197,197,192,192,132,132,121,127,244,247,269,283,178,178,122,122,150,165,130,139,160,163,92,104,,,,
76BA,Senegal_2022,212,215,173,179,148,148,197,206,192,192,132,132,121,121,244,247,283,283,171,176,120,120,150,168,130,139,169,172,92,104,,,,
76T3,Senegal_2022,224,227,173,179,148,148,197,197,192,192,132,132,121,121,244,247,0,0,176,178,122,122,153,168,139,139,160,166,92,95,,,,
77BS,Senegal_2022,215,215,179,179,142,148,197,197,192,192,132,132,121,121,247,247,283,283,176,178,122,122,156,165,139,139,160,160,101,116,,,,
77F9,Senegal_2022,215,224,173,179,148,148,197,197,192,192,132,132,121,127,244,247,283,283,176,178,122,122,150,159,130,139,160,166,104,104,,,,
86F8,Senegal_2022,215,224,179,179,148,148,197,206,192,192,132,132,121,127,244,247,283,283,171,176,122,122,168,168,139,139,160,166,92,116,,,,
87BD,Senegal_2022,215,215,173,179,148,148,197,206,192,192,130,132,121,127,247,247,284,284,171,176,118,122,147,150,126,139,166,172,92,104,,,,
87DJ,Senegal_2022,227,227,179,179,148,148,197,206,190,190,132,132,127,127,244,247,283,283,171,176,122,122,150,162,139,139,160,166,92,104,,,,
87DX,Senegal_2022,218,227,173,179,148,148,197,206,192,192,132,132,121,127,247,247,269,283,176,178,0,0,147,147,130,139,163,169,92,95,,,,
92F5,Senegal_2022,215,215,173,179,148,148,206,206,192,192,130,132,121,121,247,247,283,283,176,178,122,122,156,165,130,139,160,169,92,92,,,,
9D84,Senegal_2022,0,0,173,179,148,148,197,197,192,190,132,132,121,127,244,247,283,283,176,176,122,122,150,162,139,139,169,169,92,104,,,,
A04,Senegal_2022,215,224,173,179,148,148,197,197,192,192,132,132,127,127,247,247,283,283,171,178,122,122,156,165,139,139,160,172,92,92,,,,
A05,Senegal_2022,224,227,179,179,148,148,197,206,190,190,132,132,127,127,244,247,269,283,171,171,122,122,162,165,130,139,160,169,92,101,,,,
A06,Senegal_2022,215,224,179,181,148,148,197,206,192,192,132,132,121,121,244,247,269,269,178,178,118,122,165,180,130,139,163,166,101,104,,,,
A08,Senegal_2022,215,215,179,179,148,148,206,206,192,192,130,132,121,121,247,247,283,283,178,178,118,122,150,156,130,130,169,178,92,101,,,,
A10,Senegal_2022,227,230,173,179,148,148,197,197,192,192,132,132,127,127,247,247,283,283,171,178,122,122,147,150,130,139,160,166,92,95,,,,
A12,Senegal_2022,215,215,179,179,148,148,197,206,192,192,130,132,121,127,247,247,269,283,171,176,122,122,143,165,130,139,169,169,101,101,,,,
A13,Senegal_2022,224,227,179,179,148,148,197,206,192,192,132,132,121,121,244,247,269,283,176,176,122,122,156,165,130,130,169,178,92,101,,,,
A15,Senegal_2022,215,215,173,173,148,148,197,206,192,192,132,132,121,127,244,247,283,283,176,178,122,122,156,168,139,139,166,169,101,104,,,,
A16,Senegal_2022,224,224,173,179,142,148,197,206,192,192,132,132,121,127,247,247,283,283,171,176,122,122,150,156,130,139,163,169,101,116,,,,
A18,Senegal_2022,215,224,173,179,148,148,197,206,192,192,132,132,121,121,244,247,283,283,178,178,118,122,150,162,130,139,166,169,92,101,,,,
A19,Senegal_2022,227,227,173,179,148,148,206,206,190,192,130,132,121,121,247,247,283,283,176,176,116,122,156,156,130,139,160,169,92,107,,,,
A21,Senegal_2022,215,215,173,179,142,148,197,206,192,192,132,132,121,127,247,247,269,283,176,176,122,122,153,159,130,139,166,178,92,101,,,,
A25,Senegal_2022,215,215,173,181,148,148,206,206,192,192,132,132,121,121,247,247,283,283,171,178,122,122,153,156,130,139,166,178,101,101,,,,
A27,Senegal_2022,218,227,173,179,148,148,197,206,192,192,132,132,121,121,247,247,269,283,176,178,122,122,147,159,130,139,160,169,104,104,,,,
A29,Senegal_2022,215,227,179,179,148,148,197,197,192,192,132,132,121,121,247,247,283,283,171,171,122,122,153,171,130,130,169,169,92,110,,,,
A30,Senegal_2022,0,0,173,179,142,148,197,206,190,190,132,132,121,127,247,247,283,283,171,178,0,0,150,177,130,139,160,163,92,104,,,,
A31,Senegal_2022,215,227,179,179,142,148,206,206,192,192,132,132,121,127,247,247,283,283,178,178,122,122,150,165,130,139,169,169,92,104,,,,
A34,Senegal_2022,218,227,179,179,148,148,197,197,192,192,132,132,127,127,0,0,269,283,178,178,118,118,153,165,139,139,166,169,92,104,,,,
A36,Senegal_2022,215,215,173,179,148,148,197,197,192,192,132,132,127,127,244,247,283,283,171,178,122,122,153,165,130,139,160,160,101,101,,,,
A44,Senegal_2022,215,215,173,179,148,148,197,206,192,192,132,132,121,121,244,247,283,283,176,178,122,122,153,171,139,139,166,166,92,101,,,,
A45,Senegal_2022,0,0,179,181,148,148,197,206,192,192,132,132,127,127,244,247,283,283,171,178,122,122,150,153,130,139,169,172,92,104,,,,
A46,Senegal_2022,215,215,179,179,148,148,206,206,192,190,132,132,121,127,247,247,269,283,171,178,122,122,162,177,139,139,160,163,92,107,,,,
A47,Senegal_2022,215,224,173,179,148,148,197,206,192,192,132,132,121,127,247,247,283,283,176,178,116,116,150,165,130,139,160,163,101,101,,,,
A49,Senegal_2022,215,224,173,179,148,148,197,206,190,192,132,132,127,127,247,247,283,283,176,176,122,122,147,162,130,130,169,178,92,95,,,,
A51,Senegal_2022,227,227,173,179,148,148,197,206,192,192,132,132,121,121,247,247,269,283,176,178,122,122,147,156,130,139,169,178,92,92,,,,
A52,Senegal_2022,215,227,173,181,148,148,197,206,190,192,132,132,121,127,247,247,283,283,171,176,122,122,150,171,139,139,169,169,92,92,,,,
A53,Senegal_2022,0,0,179,179,148,148,197,206,192,192,132,132,121,127,244,247,269,283,176,176,0,0,147,153,130,139,163,163,92,104,,,,
A55,Senegal_2022,0,0,179,179,148,148,197,206,192,192,132,132,127,127,244,247,283,283,171,171,122,122,156,171,130,139,160,169,92,101,,,,
A58,Senegal_2022,224,233,173,173,148,148,197,206,192,192,132,132,121,121,244,247,269,283,176,178,122,122,147,165,139,139,163,166,101,110,,,,
A61,Senegal_2022,215,224,179,179,142,148,206,206,192,192,132,132,121,121,247,247,283,283,178,178,122,122,156,156,130,139,169,169,110,116,,,,
A62,Senegal_2022,212,227,179,179,142,148,197,197,192,192,132,132,121,121,247,247,283,283,178,178,118,118,137,147,139,139,163,166,101,104,,,,
A65,Senegal_2022,0,0,173,179,148,148,197,206,192,192,132,132,121,127,247,247,283,283,171,178,122,122,150,168,130,139,160,169,95,101,,,,
A68,Senegal_2022,215,221,179,179,148,148,206,206,192,192,132,132,121,127,247,247,269,283,176,178,122,122,147,156,139,139,160,160,92,92,,,,
A69,Senegal_2022,221,227,173,173,148,148,197,206,192,192,132,132,121,127,247,247,269,269,171,178,122,122,147,159,139,139,169,178,101,113,,,,
A71,Senegal_2022,215,215,179,179,148,148,197,206,192,192,132,132,121,121,0,0,269,283,176,176,116,122,150,156,130,139,166,169,92,92,,,,
A72,Senegal_2022,215,227,173,173,148,148,197,206,192,192,132,132,121,121,244,247,283,283,178,178,122,122,153,171,139,139,163,178,92,101,,,,
A76,Senegal_2022,215,224,173,179,148,148,206,206,192,192,132,132,127,127,244,247,283,283,171,176,122,122,153,156,139,139,166,169,104,110,,,,
A79,Senegal_2022,215,224,173,173,142,148,197,197,192,192,132,132,121,127,247,247,283,283,178,178,122,122,147,168,126,139,169,169,104,104,,,,
A80,Senegal_2022,224,227,179,179,148,148,206,206,192,192,132,132,121,127,247,247,283,283,176,176,118,118,147,159,139,139,160,166,92,101,,,,
A81,Senegal_2022,215,221,179,179,142,148,206,206,192,192,132,132,121,121,244,244,269,283,176,178,122,122,153,168,139,139,166,169,101,101,,,,
A82,Senegal_2022,215,224,179,179,148,148,197,206,192,192,132,132,121,121,247,247,283,283,171,178,122,122,147,156,130,139,169,169,92,92,,,,
A84,Senegal_2022,227,227,179,179,148,148,206,206,192,192,132,132,121,121,247,247,283,283,171,178,122,122,147,168,130,139,160,169,95,110,,,,
A87,Senegal_2022,215,215,173,179,148,148,197,206,192,192,132,132,121,121,244,247,283,283,171,178,122,122,153,177,130,139,160,166,101,101,,,,
A88,Senegal_2022,215,227,179,179,148,148,197,206,192,192,130,132,121,121,244,247,269,283,171,176,118,118,153,156,130,139,169,169,101,107,,,,
A89,Senegal_2022,215,227,173,179,148,148,206,206,192,190,132,132,121,127,0,0,283,283,176,178,116,118,162,165,130,130,160,166,92,92,,,,
A91,Senegal_2022,215,224,173,173,142,148,206,206,192,192,132,132,121,127,247,247,269,283,171,171,122,122,150,171,126,139,163,166,95,101,,,,
A95,Senegal_2022,215,215,173,181,148,148,206,206,192,192,132,132,121,121,247,247,283,283,171,178,140,140,156,162,126,139,166,166,92,110,,,,
A98,Senegal_2022,224,233,179,179,148,148,197,206,192,190,132,132,127,127,247,247,269,269,178,178,118,118,156,165,139,139,163,163,92,104,,,,
A99,Senegal_2022,215,215,173,181,148,148,197,206,192,190,132,132,121,121,247,247,284,284,171,178,122,122,147,156,130,139,166,166,92,113,,,,
AE38,Senegal_2022,224,224,173,173,148,148,197,206,192,192,132,132,121,127,244,247,283,283,176,176,118,118,162,171,139,139,160,169,92,104,,,,
AF51,Senegal_2022,224,227,179,181,148,148,206,206,192,192,132,132,121,127,247,247,283,283,176,178,118,118,153,171,130,139,163,169,95,101,,,,
ANBA,Senegal_2022,224,224,173,173,148,148,197,197,192,192,132,132,127,127,247,247,283,283,176,176,122,122,153,171,130,139,160,160,92,101,,,,
AT58,Senegal_2022,215,224,173,179,148,148,197,206,192,192,132,132,121,127,244,247,283,283,176,176,122,122,147,156,130,139,163,169,95,95,,,,
AX35,Senegal_2022,218,233,173,179,148,148,197,206,192,192,132,132,121,127,244,247,283,283,171,176,122,122,165,168,130,139,169,172,92,101,,,,
AZ82,Senegal_2022,221,227,179,179,148,148,197,206,192,192,132,132,121,127,244,247,269,283,178,178,98,98,156,171,130,139,169,169,101,101,,,,
B00,Senegal_2022,215,224,179,179,148,148,197,206,192,192,132,132,121,127,247,247,269,283,171,171,122,122,156,156,130,130,160,169,101,101,,,,
B01,Senegal_2022,215,215,173,179,148,148,197,206,192,192,132,132,121,127,244,247,283,283,176,178,0,0,147,177,139,139,160,169,92,104,,,,
B02,Senegal_2022,215,215,173,179,148,148,197,206,192,192,132,132,127,127,247,247,283,283,171,178,122,122,153,168,130,139,169,169,92,95,,,,
B03,Senegal_2022,224,227,179,179,148,148,197,206,192,192,132,132,121,121,244,247,283,283,171,176,122,122,156,174,130,139,160,169,92,92,,,,
B04,Senegal_2022,212,227,179,179,148,148,206,206,192,192,132,132,121,121,247,247,283,283,171,178,122,122,147,180,130,139,160,166,95,101,,,,
B05,Senegal_2022,215,215,173,179,148,148,197,206,192,192,130,132,121,127,244,247,283,283,171,171,122,122,153,165,139,139,166,169,101,116,,,,
B07,Senegal_2022,215,215,179,179,148,148,197,206,192,192,130,132,121,121,244,247,269,283,178,178,116,116,153,156,139,139,160,166,92,110,,,,
B08,Senegal_2022,215,215,179,179,148,148,197,197,192,192,132,132,121,127,0,0,283,283,176,178,122,122,162,168,126,139,166,169,92,104,,,,
B09,Senegal_2022,215,215,179,179,142,148,197,206,192,192,132,132,121,121,247,247,283,283,171,176,122,122,150,171,130,139,160,169,101,104,,,,
B10,Senegal_2022,221,227,173,173,148,148,197,197,192,192,132,132,121,121,0,0,283,283,176,178,116,116,147,165,130,139,163,169,104,110,,,,
B12,Senegal_2022,0,0,179,179,148,148,197,206,192,192,132,132,127,127,247,247,283,283,171,178,122,122,156,156,139,139,160,169,101,110,,,,
B13,Senegal_2022,227,227,173,179,148,148,206,206,192,192,132,132,121,127,244,247,269,283,178,178,118,118,159,165,130,139,160,166,101,104,,,,
B14,Senegal_2022,227,227,179,179,148,148,197,206,192,192,132,132,121,121,244,247,283,283,176,176,122,122,156,159,130,139,160,169,92,107,,,,
B15,Senegal_2022,215,215,173,179,148,148,206,206,192,192,132,132,121,127,244,247,283,283,178,178,122,122,150,156,130,139,166,166,101,104,,,,
B16,Senegal_2022,215,215,179,179,148,148,197,206,192,192,132,132,121,121,247,247,283,283,178,178,122,122,153,165,139,139,166,178,101,104,,,,
B17,Senegal_2022,215,224,173,179,148,148,197,206,192,192,132,132,127,127,247,247,269,283,176,178,118,118,165,174,130,139,169,169,92,101,,,,
B18,Senegal_2022,215,215,173,179,148,148,197,197,192,192,132,132,127,127,247,247,269,283,178,178,122,122,147,174,130,139,160,166,92,92,,,,
B19,Senegal_2022,224,224,173,173,148,148,197,206,192,192,132,132,121,121,247,247,269,283,176,176,118,118,156,171,139,139,169,169,92,113,,,,
B20,Senegal_2022,0,0,179,179,142,148,197,197,192,190,130,132,121,127,244,247,283,283,178,178,0,0,150,165,139,139,160,166,101,107,,,,
B22,Senegal_2022,0,0,173,179,148,148,197,197,192,192,132,132,121,127,247,247,283,283,171,176,122,122,150,156,126,130,169,169,101,101,,,,
B23,Senegal_2022,215,224,173,179,148,148,197,197,192,192,132,132,121,127,247,247,269,283,176,178,116,116,153,171,130,139,166,178,104,113,,,,
B24,Senegal_2022,0,0,173,179,148,148,197,206,192,190,132,132,121,121,247,247,283,283,178,178,122,122,147,156,130,139,169,172,92,101,,,,
B25,Senegal_2022,215,215,0,0,148,148,197,197,192,192,132,132,127,127,244,244,283,283,171,178,122,122,156,165,139,139,169,172,92,92,,,,
B26,Senegal_2022,215,215,173,179,142,148,197,206,192,190,130,132,121,121,247,247,269,283,178,178,122,122,150,165,126,130,160,178,92,92,,,,
B27,Senegal_2022,215,215,173,179,148,148,206,206,192,192,132,132,121,121,247,247,283,283,178,178,122,122,177,177,130,139,166,166,101,104,,,,
B30,Senegal_2022,0,0,179,179,148,148,197,197,192,190,132,132,121,127,244,247,283,283,178,178,122,122,156,156,139,139,166,169,92,92,,,,
B32,Senegal_2022,224,233,179,179,148,148,197,206,192,192,132,132,121,121,244,244,283,283,171,176,120,120,156,156,126,139,160,166,92,101,,,,
B41,Senegal_2022,215,215,173,179,148,148,197,206,192,192,132,132,121,127,247,247,283,283,171,178,122,122,156,159,130,139,169,169,92,92,,,,
B43,Senegal_2022,215,224,173,179,148,148,206,206,192,192,132,132,121,127,244,247,269,283,171,171,122,122,162,171,130,130,166,169,101,101,,,,
B45,Senegal_2022,212,215,173,179,148,148,206,206,192,192,132,132,121,121,247,247,283,283,176,178,122,122,147,156,130,139,169,172,92,101,,,,
B47,Senegal_2022,215,215,173,179,148,148,197,206,190,192,132,132,121,121,247,247,283,283,171,171,122,122,147,182,139,139,166,172,92,92,,,,
B48,Senegal_2022,224,224,173,179,148,148,197,197,192,192,132,132,121,121,247,247,0,0,176,178,122,122,147,153,139,139,160,166,92,101,,,,
B49,Senegal_2022,215,227,173,179,148,148,197,197,192,192,132,132,121,127,0,0,283,283,171,176,122,122,156,165,130,139,163,178,92,104,,,,
B51,Senegal_2022,215,215,179,181,142,148,197,206,192,192,132,132,121,121,247,247,283,283,171,171,122,122,150,162,130,139,169,178,92,104,,,,
B52,Senegal_2022,224,224,173,179,148,148,206,206,192,192,132,132,127,127,247,247,283,283,176,178,118,118,153,159,139,139,160,169,101,120,,,,
B56,Senegal_2022,224,227,173,173,142,148,197,206,192,192,132,132,121,127,247,247,283,283,171,178,122,122,168,168,139,139,163,166,92,116,,,,
B58,Senegal_2022,215,224,179,179,148,148,197,206,192,192,132,132,121,127,244,247,283,283,176,176,122,122,156,165,130,139,163,166,95,104,,,,
B61,Senegal_2022,215,215,173,179,148,148,206,206,192,192,132,132,121,127,247,247,269,283,171,176,116,122,150,156,130,139,169,169,92,101,,,,
B62,Senegal_2022,227,233,173,173,148,148,197,197,192,192,132,132,121,127,247,247,283,283,176,178,112,112,165,165,130,139,160,166,101,104,,,,
B63,Senegal_2022,215,227,173,179,148,148,197,206,192,192,132,132,121,121,244,247,283,283,178,178,122,122,159,165,126,130,166,166,101,101,,,,
B65,Senegal_2022,215,227,179,179,148,148,206,206,192,192,132,132,121,127,244,247,283,283,176,176,122,122,156,168,126,130,160,160,101,110,,,,
B66,Senegal_2022,215,227,179,179,148,148,197,206,192,190,132,132,127,127,244,247,283,283,178,178,118,122,165,165,130,139,169,169,104,104,,,,
B67,Senegal_2022,215,215,173,179,148,148,197,206,192,192,132,132,121,127,247,247,283,283,171,176,122,122,156,156,139,139,160,169,101,101,,,,
B68,Senegal_2022,224,227,173,181,148,148,206,206,192,192,132,132,121,127,244,247,283,283,178,178,122,122,159,165,139,139,166,169,92,104,,,,
B70,Senegal_2022,215,227,173,179,148,148,197,206,192,192,132,132,121,127,247,247,269,283,171,178,112,112,147,156,130,139,169,169,92,101,,,,
B72,Senegal_2022,215,224,179,181,148,148,197,206,190,192,132,132,121,127,244,247,283,283,178,178,122,122,153,171,130,139,160,169,92,92,,,,
B73,Senegal_2022,215,224,173,181,148,148,197,206,192,192,132,132,121,127,0,0,283,283,171,176,122,122,150,153,139,139,166,169,92,95,,,,
B74,Senegal_2022,215,215,173,179,148,148,197,206,192,192,132,132,121,121,244,244,269,283,171,171,122,122,153,165,139,139,166,169,101,116,,,,
B76,Senegal_2022,215,221,179,179,148,148,197,197,192,192,130,132,121,121,244,247,269,283,178,178,0,0,168,177,130,139,169,178,101,113,,,,
B80,Senegal_2022,215,215,179,179,142,148,197,206,192,192,130,132,127,127,247,247,269,283,178,178,0,0,165,174,139,139,160,163,104,110,,,,
B86,Senegal_2022,209,224,173,179,142,148,197,206,192,192,130,132,121,121,244,247,283,283,178,178,122,122,156,177,139,139,169,169,101,104,,,,
B90,Senegal_2022,221,224,173,173,148,148,206,206,192,192,132,132,121,121,244,247,283,283,171,176,116,116,147,156,130,139,166,166,101,104,,,,
B91,Senegal_2022,224,227,173,173,148,148,197,206,192,192,132,132,121,127,244,247,283,283,176,176,122,122,118,153,126,139,166,166,104,113,,,,
B93,Senegal_2022,215,215,173,179,148,148,197,197,192,192,132,132,121,121,247,247,283,283,171,176,122,122,156,165,139,139,166,178,92,101,,,,
B95,Senegal_2022,215,218,179,179,148,148,197,197,192,192,132,132,121,127,247,247,269,269,171,178,122,122,156,165,130,139,169,169,92,104,,,,
B96,Senegal_2022,215,224,179,179,148,148,206,206,190,192,132,132,121,121,247,247,283,283,171,178,118,122,168,182,130,139,160,166,92,92,,,,
B97,Senegal_2022,215,215,179,179,142,148,206,206,192,190,132,132,121,127,247,247,283,283,178,178,122,122,147,153,130,130,160,160,95,116,,,,
B98,Senegal_2022,215,215,173,179,148,148,206,206,192,192,132,132,127,127,244,247,283,283,176,178,122,122,150,171,130,139,160,169,92,104,,,,
B99,Senegal_2022,215,224,173,179,142,148,197,206,192,192,132,132,127,127,247,247,283,283,178,178,122,122,150,177,139,139,169,169,92,101,,,,
CB62,Senegal_2022,0,0,173,181,148,148,197,206,192,192,132,132,121,127,247,247,283,283,171,176,0,0,147,165,130,139,169,172,92,101,,,,
S01,Senegal_2022,224,227,173,179,148,148,197,206,192,192,132,132,121,127,247,247,283,283,171,178,118,122,147,150,126,130,160,160,101,101,,,,
S02,Senegal_2022,0,0,173,179,148,148,197,206,192,192,130,132,121,127,244,247,283,283,178,178,118,118,137,118,139,139,160,169,101,104,,,,
S03,Senegal_2022,215,224,173,179,148,148,197,197,192,192,132,132,121,127,244,247,283,283,176,178,122,122,150,150,126,139,160,169,104,104,,,,
S04,Senegal_2022,212,218,179,179,148,148,197,206,192,192,132,132,121,127,244,247,283,283,176,178,122,122,147,171,130,139,160,163,92,95,,,,
S05,Senegal_2022,212,218,179,179,148,148,197,197,192,192,132,132,121,127,244,247,283,283,176,178,122,122,147,171,130,139,160,169,92,95,,,,
S06,Senegal_2022,224,230,173,179,148,148,206,206,192,192,132,132,121,127,244,247,283,283,176,178,122,122,153,165,139,139,163,169,92,110,,,,
S08,Senegal_2022,221,224,173,179,148,148,197,206,192,192,132,132,121,127,244,247,283,283,171,178,112,118,147,171,139,139,160,169,92,92,,,,
S09,Senegal_2022,224,227,173,179,148,148,197,206,192,192,132,132,121,121,247,247,269,283,176,178,122,122,147,162,139,139,160,160,92,92,,,,
S10,Senegal_2022,212,224,173,173,148,148,197,197,192,192,132,132,121,127,244,247,283,283,176,178,122,122,147,171,139,139,160,169,92,92,,,,
S11,Senegal_2022,0,0,173,173,148,148,197,197,192,192,132,132,121,127,244,247,283,283,176,178,122,122,150,165,139,139,160,166,92,104,,,,
S12,Senegal_2022,212,230,173,173,148,148,197,206,192,192,132,132,121,127,247,247,283,283,178,178,118,118,147,162,130,139,166,169,104,104,,,,
S13,Senegal_2022,0,0,173,179,148,148,197,197,192,192,132,132,121,127,244,247,269,283,176,178,0,0,147,168,130,130,166,169,92,95,,,,
S14,Senegal_2022,0,0,179,179,148,148,197,206,192,192,132,132,121,127,247,247,269,283,176,178,122,122,162,165,139,139,160,169,92,110,,,,
S15,Senegal_2022,227,227,173,179,148,148,197,206,190,190,132,132,121,127,247,247,283,283,178,178,118,118,147,147,126,130,160,166,92,101,,,,
S16,Senegal_2022,215,224,173,173,148,148,197,206,192,192,132,132,127,127,244,244,283,283,176,178,122,122,159,171,139,139,166,169,104,104,,,,
S17,Senegal_2022,0,0,179,179,148,148,197,206,190,192,132,132,121,121,247,247,269,283,171,171,122,122,156,171,130,130,163,178,92,116,,,,
S18,Senegal_2022,0,0,173,179,142,148,197,206,192,192,132,132,121,127,247,247,283,283,178,178,122,122,156,168,139,139,169,169,104,107,,,,
S19,Senegal_2022,215,224,173,179,148,148,197,206,192,192,132,132,127,127,244,247,283,283,178,178,122,122,150,156,139,139,166,178,101,101,,,,
S20,Senegal_2022,0,0,173,179,148,148,206,206,190,192,132,132,121,127,247,247,283,283,171,178,0,0,156,171,139,139,163,169,92,101,,,,
S21,Senegal_2022,215,221,173,179,148,148,197,206,192,192,132,132,121,127,244,247,283,283,178,178,0,0,147,156,130,139,160,169,95,110,,,,
S22,Senegal_2022,0,0,173,179,148,148,197,206,192,192,132,132,121,127,247,247,283,283,176,178,122,122,153,156,130,139,160,169,92,92,,,,
S23,Senegal_2022,0,0,173,179,142,148,197,206,192,192,132,132,121,121,247,247,269,283,176,178,122,122,171,177,130,139,166,169,104,113,,,,
S24,Senegal_2022,212,215,173,179,142,148,206,206,190,190,132,132,127,127,247,247,269,269,171,171,0,0,156,171,139,139,160,166,92,92,,,,
S25,Senegal_2022,215,224,173,179,148,148,206,206,192,192,132,132,121,127,247,247,283,283,178,178,122,122,153,156,139,139,166,178,104,110,,,,
S26,Senegal_2022,215,215,179,179,148,148,197,197,192,192,130,132,127,127,247,247,269,283,171,178,0,0,162,171,139,139,166,169,92,92,,,,
S27,Senegal_2022,0,0,173,179,148,148,206,206,192,192,132,132,121,127,247,247,269,283,176,178,122,122,150,156,130,139,166,166,92,101,,,,
S28,Senegal_2022,0,0,179,179,148,148,197,197,192,192,132,132,127,127,244,247,269,283,176,178,122,122,150,168,130,139,163,166,92,107,,,,
S29,Senegal_2022,215,215,173,179,148,148,197,197,192,192,130,132,127,127,247,247,283,283,178,178,122,122,156,156,130,139,160,169,101,104,,,,
S30,Senegal_2022,215,215,173,173,142,148,206,206,192,190,132,132,121,121,247,247,283,283,178,178,118,118,143,150,139,139,169,169,92,101,,,,
S31,Senegal_2022,0,0,179,179,148,148,197,206,192,192,132,132,127,127,247,247,283,283,176,178,122,122,150,171,139,139,160,166,95,104,,,,
S32,Senegal_2022,0,0,179,181,142,148,197,197,192,192,132,132,127,127,247,247,283,283,176,178,122,122,156,171,130,130,169,178,92,92,,,,
S33,Senegal_2022,215,227,173,181,148,148,206,206,192,192,130,132,121,121,247,247,269,283,176,178,116,122,150,171,139,139,169,169,101,101,,,,
S34,Senegal_2022,215,221,179,179,142,148,206,206,192,192,132,132,127,127,247,247,269,283,171,171,112,112,147,168,139,139,163,172,92,95,,,,
S35,Senegal_2022,215,224,179,179,148,148,197,206,192,192,132,132,121,127,247,247,269,283,176,178,122,122,143,156,130,130,169,172,101,101,,,,
S36,Senegal_2022,215,221,173,173,148,148,197,206,192,192,132,132,121,121,244,247,283,283,178,178,122,122,150,165,130,139,169,169,101,101,,,,
S37,Senegal_2022,227,227,173,179,148,148,197,197,192,192,132,132,121,127,247,247,269,283,178,178,122,122,147,156,130,139,166,169,101,110,,,,
S38,Senegal_2022,215,224,179,179,142,148,197,206,192,192,132,132,127,127,247,247,269,283,176,178,122,122,0,0,130,139,169,169,92,92,,,,
S40,Senegal_2022,215,224,179,179,148,148,197,206,192,192,132,132,121,121,244,247,283,283,176,178,122,122,156,156,130,139,160,166,101,110,,,,
S41,Senegal_2022,215,215,0,0,148,148,197,206,192,192,132,132,121,121,247,247,283,283,178,178,122,122,153,165,130,139,160,166,101,104,,,,
S42,Senegal_2022,215,215,179,179,148,148,206,206,192,192,132,132,121,127,247,247,283,283,176,178,118,122,153,174,139,139,169,169,92,110,,,,
S43,Senegal_2022,215,227,173,179,148,148,197,206,192,192,132,132,121,121,247,247,283,283,171,178,122,122,147,150,139,139,166,169,92,92,,,,
S44,Senegal_2022,0,0,173,179,148,148,197,206,192,192,130,132,127,127,247,247,269,283,176,178,122,122,150,165,126,139,160,160,92,101,,,,
S45,Senegal_2022,215,227,179,179,148,148,197,197,192,192,130,132,121,121,247,247,283,283,171,176,118,118,156,177,139,139,160,160,104,116,,,,
S46,Senegal_2022,215,215,173,179,142,148,197,197,192,192,132,132,127,127,247,247,283,283,178,178,118,118,147,153,139,139,166,178,101,104,,,,
S47,Senegal_2022,215,215,173,173,148,148,206,206,192,192,130,132,121,127,247,247,283,283,176,178,118,118,150,153,139,139,169,169,92,101,,,,
S48,Senegal_2022,0,0,173,179,148,154,197,206,192,192,132,132,127,127,244,247,283,283,171,171,122,122,156,171,130,139,166,169,101,104,,,,
S49,Senegal_2022,215,215,179,179,148,148,197,197,192,192,132,132,127,127,247,247,283,283,178,178,122,122,150,162,130,139,160,166,92,107,,,,
S50,Senegal_2022,215,215,179,179,148,148,206,206,192,192,132,132,121,127,247,247,269,283,176,176,122,122,168,168,139,139,169,169,92,107,,,,
S51,Senegal_2022,0,0,173,179,148,148,197,206,192,192,132,132,121,127,247,247,283,283,171,178,122,122,153,159,130,139,172,178,92,104,,,,
S52,Senegal_2022,215,215,173,173,142,148,197,206,192,192,130,132,121,121,247,247,269,283,171,176,122,122,153,153,139,139,166,169,101,116,,,,
S53,Senegal_2022,215,227,179,179,148,148,206,206,192,190,130,132,121,127,247,247,269,283,176,178,0,0,150,156,130,139,169,172,95,101,,,,
S54,Senegal_2022,215,215,173,179,148,148,206,206,192,192,132,132,121,127,244,244,283,283,171,178,122,122,156,177,139,139,166,169,95,95,,,,
S56,Senegal_2022,215,215,173,179,148,148,206,206,192,192,130,132,127,127,247,247,283,283,0,0,118,122,147,165,130,139,169,178,101,104,,,,
S57,Senegal_2022,221,224,179,179,142,148,197,206,192,192,132,132,127,127,247,247,283,283,171,178,122,122,156,165,130,139,160,172,92,92,,,,
S58,Senegal_2022,224,224,179,179,148,148,206,206,192,192,132,132,121,121,247,247,283,283,176,176,122,122,156,159,130,139,160,166,95,101,,,,
23-01,Senegal_2023,215,227,173,179,148,148,197,197,192,192,132,132,121,127,247,247,283,283,176,178,118,118,0,0,130,139,160,166,95,101,,,,
23-02,Senegal_2023,215,227,179,179,148,148,197,206,192,192,132,132,119,127,244,244,269,283,176,178,122,122,168,171,130,139,160,169,92,104,,,,
23-03,Senegal_2023,215,227,179,179,148,148,206,206,192,192,132,132,119,127,244,247,283,283,171,178,122,122,150,159,139,139,169,169,95,104,,,,
23-04,Senegal_2023,212,227,173,173,148,148,197,206,192,192,132,132,121,127,244,247,283,283,176,178,122,122,147,168,130,139,160,169,92,92,,,,
23-05,Senegal_2023,218,221,173,173,148,148,197,197,192,192,132,132,121,121,247,247,283,283,178,178,122,122,156,162,130,139,160,160,92,92,,,,
23-06,Senegal_2023,215,215,179,179,148,148,197,206,192,192,130,132,119,127,247,247,283,283,171,178,122,122,150,153,139,139,160,172,92,92,,,,
23-07,Senegal_2023,215,227,173,179,148,148,197,197,192,192,132,132,121,121,247,247,283,283,176,176,118,118,156,171,130,139,160,166,92,92,,,,
23-08,Senegal_2023,215,227,179,179,148,148,206,206,192,192,132,132,121,127,244,247,283,283,176,178,122,122,156,171,130,130,169,169,92,101,,,,
23-09,Senegal_2023,227,227,173,179,148,148,197,206,192,192,132,132,119,119,244,247,269,283,178,178,122,122,0,0,139,139,160,166,104,104,,,,
23-10,Senegal_2023,224,224,173,173,148,148,197,197,192,192,132,132,119,127,247,247,283,283,178,178,118,122,159,168,130,139,160,166,92,95,,,,
23-11,Senegal_2023,215,224,173,179,142,142,197,197,192,192,132,132,121,127,247,247,283,283,176,178,122,122,159,168,130,139,160,160,104,110,,,,
23-12,Senegal_2023,215,227,173,173,142,148,197,206,192,192,132,132,121,127,247,247,283,283,178,178,122,122,150,171,139,139,163,169,104,116,,,,
23-13,Senegal_2023,215,230,173,181,148,148,197,197,192,192,132,132,119,127,247,247,283,283,178,178,122,122,150,156,139,139,160,169,101,104,,,,
23-14,Senegal_2023,215,218,173,181,148,148,197,197,192,192,132,132,121,127,244,244,283,283,176,178,122,122,153,156,130,139,163,166,92,104,,,,
23-15,Senegal_2023,227,227,173,179,148,148,197,206,192,192,132,132,121,127,247,247,283,283,178,178,122,122,147,159,139,139,163,169,95,101,,,,
23-16,Senegal_2023,218,224,173,179,142,148,197,197,192,192,132,132,127,127,247,247,283,283,171,178,118,118,153,171,126,139,163,169,101,104,,,,
23-17,Senegal_2023,215,224,173,179,148,148,197,206,192,192,130,132,121,127,244,247,269,283,176,178,122,122,159,165,139,139,163,169,101,104,,,,
23-18,Senegal_2023,224,230,173,173,148,148,197,197,192,192,132,132,121,127,244,244,283,283,178,178,122,122,0,0,139,139,160,169,92,104,,,,
23-19,Senegal_2023,224,230,173,173,148,148,197,206,192,192,132,132,121,121,247,247,283,283,176,178,122,122,159,171,130,139,166,169,101,101,,,,
23-20,Senegal_2023,221,224,173,179,148,148,206,206,192,192,132,132,121,127,247,247,283,283,171,176,122,122,147,168,139,139,160,166,104,116,,,,
23-21,Senegal_2023,215,227,179,179,142,148,197,197,192,192,132,132,127,127,247,247,283,283,171,178,118,118,156,165,126,139,166,166,92,110,,,,
23-22,Senegal_2023,227,233,179,179,142,142,197,197,192,192,132,132,121,127,247,247,283,283,176,178,122,122,150,165,130,139,169,169,101,101,,,,
23-23,Senegal_2023,215,215,173,179,148,148,197,206,192,192,132,132,121,127,247,247,283,283,171,178,122,122,159,159,130,139,166,172,92,104,,,,
23-24,Senegal_2023,224,227,179,179,148,148,197,197,192,192,132,132,127,127,244,247,283,283,178,178,122,122,147,168,130,139,169,169,92,95,,,,
23-25,Senegal_2023,215,224,173,179,148,148,206,206,192,190,132,132,121,121,244,244,283,283,178,178,122,122,0,0,130,139,166,169,101,101,,,,
23-26,Senegal_2023,224,224,173,179,148,148,197,206,192,192,132,132,121,121,244,244,283,283,176,178,122,122,0,0,130,139,163,169,101,104,,,,
23-27,Senegal_2023,215,224,179,179,148,148,206,206,192,192,132,132,121,121,247,247,283,283,178,178,122,122,153,180,130,139,169,178,92,101,,,,
23-28,Senegal_2023,224,224,179,179,148,148,197,206,192,192,132,132,121,127,244,247,269,283,176,176,122,122,0,0,139,139,160,169,101,104,,,,
23-29,Senegal_2023,215,227,173,181,148,148,206,206,192,192,132,132,121,127,247,247,283,283,176,178,122,122,0,0,130,139,160,160,95,104,,,,
23-30,Senegal_2023,212,224,173,179,148,148,206,206,192,192,132,132,121,121,247,247,269,283,176,178,122,122,153,159,139,139,163,169,92,104,,,,
23-31,Senegal_2023,224,227,173,179,148,148,197,197,192,192,132,132,121,121,244,247,283,283,178,178,122,122,156,168,139,139,166,169,101,104,,,,
23-32,Senegal_2023,215,224,173,179,148,148,197,206,192,192,130,132,121,127,244,247,269,269,171,176,122,122,156,171,130,139,160,166,104,104,,,,
23-33,Senegal_2023,215,221,179,179,148,148,197,197,192,192,130,132,121,121,244,247,269,283,178,178,118,118,0,0,130,139,169,178,101,116,,,,
B76_nh,Seavey_2023,215,215,173,173,148,148,197,206,192,192,132,132,121,127,247,247,283,283,171,176,122,122,147,165,130,139,166,166,92,101,,,,
SA6,Seavey_2023,215,215,173,179,148,148,197,197,192,192,132,132,121,127,247,247,283,283,171,176,118,118,150,153,130,130,160,166,101,110,,,,
SA9,Seavey_2023,215,218,173,173,148,148,197,197,192,192,132,132,119,127,247,250,269,283,171,171,122,122,156,165,130,130,166,172,101,104,,,,
SB2,Seavey_2023,215,233,173,179,148,148,197,206,192,192,132,132,127,127,247,247,283,283,176,176,118,118,143,159,130,130,166,169,110,113,,,,
SB3,Seavey_2023,215,224,179,179,142,148,197,206,192,192,132,132,127,127,247,247,283,283,171,171,122,122,150,171,130,130,0,0,107,113,,,,
SC6,Seavey_2023,224,224,173,179,142,148,197,206,192,192,132,132,121,127,247,247,284,284,171,176,118,122,156,168,130,139,0,0,104,110,,,,
SC8,Seavey_2023,215,230,173,179,142,148,197,206,192,192,132,132,121,127,247,247,269,283,171,176,122,122,156,168,139,139,169,169,101,113,,,,
SD0,Seavey_2023,0,0,171,179,142,148,197,197,192,192,132,132,121,121,247,247,283,283,171,178,118,118,156,165,130,130,160,166,101,110,,,,
SD5,Seavey_2023,0,0,179,179,148,148,197,197,192,192,132,132,127,127,247,247,269,283,171,178,118,118,137,174,130,139,166,166,92,101,,,,
SE6,Seavey_2023,0,0,173,173,148,148,197,197,192,192,132,132,121,127,247,247,283,283,171,171,118,118,153,171,130,130,166,166,92,110,,,,
SH3,Seavey_2023,215,215,173,179,142,142,197,206,192,192,132,132,121,127,247,247,283,283,176,176,118,118,147,168,130,130,172,178,113,113,,,,
SH9,Seavey_2023,215,224,179,179,148,148,197,197,192,192,132,132,127,127,247,247,283,283,176,178,122,122,159,165,130,130,0,0,101,116,,,,
SJ5,Seavey_2023,215,224,179,179,142,148,197,197,192,192,132,132,121,127,247,247,269,283,171,171,118,122,147,153,130,139,0,0,101,113,,,,
SJ8,Seavey_2023,0,0,173,179,148,148,197,197,192,192,132,132,127,127,247,247,269,283,176,176,122,122,153,171,130,139,184,189,101,110,,,,
SK1,Seavey_2023,215,215,173,179,148,148,197,206,192,192,132,132,119,127,247,247,283,283,171,176,122,122,147,156,130,130,0,0,104,110,,,,
SK3,Seavey_2023,224,227,173,173,148,148,197,197,192,192,132,132,119,127,247,247,269,269,171,176,118,118,137,165,130,139,160,169,101,110,,,,
SK9,Seavey_2023,0,0,173,179,142,148,197,197,192,192,132,132,121,127,247,247,283,283,176,176,118,118,165,171,139,139,169,175,101,101,,,,
SL1,Seavey_2023,215,215,173,179,142,148,197,197,192,192,132,132,119,127,247,247,283,283,171,178,118,118,150,153,130,130,169,169,110,110,,,,
SL3,Seavey_2023,215,215,173,173,148,148,197,197,192,192,132,132,127,127,247,247,283,283,171,176,118,118,156,165,130,139,166,166,101,101,,,,
SL7,Seavey_2023,215,224,171,173,142,148,197,206,192,192,132,132,121,121,247,247,283,283,171,176,122,122,137,150,130,130,166,169,113,116,,,,
SM3,Seavey_2023,215,215,179,179,142,148,197,197,192,192,132,132,127,127,244,247,283,283,176,176,118,118,143,156,130,130,0,0,92,110,,,,
SM4,Seavey_2023,215,224,173,179,142,142,197,206,192,192,132,132,119,119,247,247,283,283,176,178,118,118,150,165,130,139,166,169,110,113,,,,
SM5,Seavey_2023,215,224,173,179,142,148,197,206,192,192,132,132,127,127,247,247,283,283,171,171,122,122,153,171,130,130,169,172,110,110,,,,
SM7,Seavey_2023,215,215,173,173,148,148,197,197,192,192,132,132,121,127,247,247,269,283,176,176,118,118,137,165,130,139,160,172,113,116,,,,
SR5,Seavey_2023,0,0,179,179,148,148,197,197,192,192,132,132,121,127,247,247,283,283,171,178,118,118,153,153,130,130,169,169,104,113,,,,
